open,high,low,close,volume,thscode,time,thsname_cn,thsname_en,currency
48.74,49.84,47.75,48.01,12741900.0,002929.SZ,20250821,润建股份,NA,CNY
48.4,50.05,48.24,49.92,20601800.0,002929.SZ,20250822,润建股份,NA,CNY
50.5,52.7,49.54,51.46,23239400.0,002929.SZ,20250825,润建股份,NA,CNY
50.82,52.93,50.44,51.23,14467100.0,002929.SZ,20250826,润建股份,NA,CNY
51.34,56.36,50.97,55.04,38881200.0,002929.SZ,20250827,润建股份,NA,CNY
55.16,55.54,52.08,53.94,29551800.0,002929.SZ,20250828,润建股份,NA,CNY
54.96,56.1,51.11,54.37,26942500.0,002929.SZ,20250829,润建股份,NA,CNY
55.92,58.48,54.06,56.57,44217700.0,002929.SZ,20250901,润建股份,NA,CNY
55.39,55.39,50.92,50.92,31040500.0,002929.SZ,20250902,润建股份,NA,CNY
49.96,50.65,48.04,48.07,15595500.0,002929.SZ,20250903,润建股份,NA,CNY
48.63,48.64,45.62,46.58,14164700.0,002929.SZ,20250904,润建股份,NA,CNY
46.55,47.35,45.76,46.97,13734400.0,002929.SZ,20250905,润建股份,NA,CNY
46.3,46.91,45.2,45.95,15790900.0,002929.SZ,20250908,润建股份,NA,CNY
46.17,46.28,45.14,45.26,8850100.0,002929.SZ,20250909,润建股份,NA,CNY
45.45,46.81,45.45,46.14,11093500.0,002929.SZ,20250910,润建股份,NA,CNY
46.49,47.64,46.11,47.59,13194500.0,002929.SZ,20250911,润建股份,NA,CNY
50.76,52.34,50.54,52.34,22663100.0,002929.SZ,20250912,润建股份,NA,CNY
49.86,51.54,49.03,51.07,30163200.0,002929.SZ,20250915,润建股份,NA,CNY
50.45,52.22,50.04,51.96,20050400.0,002929.SZ,20250916,润建股份,NA,CNY
51.92,53.04,51.22,52.27,16797800.0,002929.SZ,20250917,润建股份,NA,CNY
52.89,52.93,49.81,50.58,21343000.0,002929.SZ,20250918,润建股份,NA,CNY
50.69,50.94,49.42,49.6,11630600.0,002929.SZ,20250919,润建股份,NA,CNY
50.04,51.96,49.64,51.31,13402800.0,002929.SZ,20250922,润建股份,NA,CNY
51.72,51.8,48.49,50.02,14026200.0,002929.SZ,20250923,润建股份,NA,CNY
49.77,51.78,48.76,51.25,14259500.0,002929.SZ,20250924,润建股份,NA,CNY
51.51,53.34,51.47,52.18,25530600.0,002929.SZ,20250925,润建股份,NA,CNY
51.44,51.74,49.92,49.92,13605100.0,002929.SZ,20250926,润建股份,NA,CNY
49.91,50.04,48.62,49.68,9015700.0,002929.SZ,20250929,润建股份,NA,CNY
50.06,50.61,48.98,49.25,9128700.0,002929.SZ,20250930,润建股份,NA,CNY
49.83,49.92,48.95,49.14,9100900.0,002929.SZ,20251009,润建股份,NA,CNY
48.94,48.94,46.96,47.1,11324900.0,002929.SZ,20251010,润建股份,NA,CNY
44.94,46.41,44.63,46.38,6658100.0,002929.SZ,20251013,润建股份,NA,CNY
46.54,46.84,44.83,44.93,8192300.0,002929.SZ,20251014,润建股份,NA,CNY
45.05,45.72,44.48,45.66,5470200.0,002929.SZ,20251015,润建股份,NA,CNY
45.85,45.85,44.95,45.09,4094800.0,002929.SZ,20251016,润建股份,NA,CNY
45.48,45.8,44.73,45.13,7729000.0,002929.SZ,20251017,润建股份,NA,CNY
45.45,45.58,44.95,45.12,4701500.0,002929.SZ,20251020,润建股份,NA,CNY
45.05,45.42,44.86,45.42,5070600.0,002929.SZ,20251021,润建股份,NA,CNY
45.27,45.77,44.98,45.17,3956400.0,002929.SZ,20251022,润建股份,NA,CNY
45.05,45.07,43.85,44.55,5281600.0,002929.SZ,20251023,润建股份,NA,CNY
44.56,44.92,44.16,44.29,7117600.0,002929.SZ,20251024,润建股份,NA,CNY
44.55,45.01,44.53,44.6,5676100.0,002929.SZ,20251027,润建股份,NA,CNY
44.61,44.93,44.18,44.44,5002400.0,002929.SZ,20251028,润建股份,NA,CNY
44.58,45.27,44.3,45.14,5883900.0,002929.SZ,20251029,润建股份,NA,CNY
44.69,44.69,43.61,43.61,8762900.0,002929.SZ,20251030,润建股份,NA,CNY
43.22,44.07,43.13,43.92,4177200.0,002929.SZ,20251031,润建股份,NA,CNY
43.75,44.38,43.5,44.36,4716100.0,002929.SZ,20251103,润建股份,NA,CNY
44.14,44.31,43.15,43.43,4255900.0,002929.SZ,20251104,润建股份,NA,CNY
42.95,43.27,42.17,43.05,4920600.0,002929.SZ,20251105,润建股份,NA,CNY
43.06,43.5,43.05,43.37,3225000.0,002929.SZ,20251106,润建股份,NA,CNY
43.15,43.95,42.65,42.65,4633700.0,002929.SZ,20251107,润建股份,NA,CNY
42.68,42.84,42.07,42.18,4235400.0,002929.SZ,20251110,润建股份,NA,CNY
42.19,42.37,41.24,41.45,5135100.0,002929.SZ,20251111,润建股份,NA,CNY
41.25,41.3,40.4,40.69,4371400.0,002929.SZ,20251112,润建股份,NA,CNY
40.69,43.45,40.35,42.9,8449800.0,002929.SZ,20251113,润建股份,NA,CNY
42.48,42.55,41.45,41.45,6394200.0,002929.SZ,20251114,润建股份,NA,CNY
41.2,42.31,40.96,41.83,4465500.0,002929.SZ,20251117,润建股份,NA,CNY
41.81,43.25,41.5,42.59,7550200.0,002929.SZ,20251118,润建股份,NA,CNY
43.03,43.28,41.45,41.58,4980000.0,002929.SZ,20251119,润建股份,NA,CNY
41.74,41.94,40.9,41.21,3896200.0,002929.SZ,20251120,润建股份,NA,CNY
40.71,41.2,39.83,39.85,4954000.0,002929.SZ,20251121,润建股份,NA,CNY
40.23,41.83,39.37,41.62,8122300.0,002929.SZ,20251124,润建股份,NA,CNY
41.56,42.85,41.55,42.23,7147200.0,002929.SZ,20251125,润建股份,NA,CNY
43.45,43.79,42.52,42.56,11309500.0,002929.SZ,20251126,润建股份,NA,CNY
41.95,42.36,41.56,41.61,5414100.0,002929.SZ,20251127,润建股份,NA,CNY
41.46,41.95,41.15,41.38,3645800.0,002929.SZ,20251128,润建股份,NA,CNY
41.39,41.78,40.86,41.53,3685400.0,002929.SZ,20251201,润建股份,NA,CNY
41.73,41.73,40.86,40.96,2975400.0,002929.SZ,20251202,润建股份,NA,CNY
40.9,40.9,40.02,40.16,3790200.0,002929.SZ,20251203,润建股份,NA,CNY
40.16,40.2,39.54,39.96,2590600.0,002929.SZ,20251204,润建股份,NA,CNY
39.9,40.33,39.59,40.28,2847100.0,002929.SZ,20251205,润建股份,NA,CNY
40.35,40.86,40.3,40.55,3319300.0,002929.SZ,20251208,润建股份,NA,CNY
41.76,42.23,40.6,40.74,5862900.0,002929.SZ,20251209,润建股份,NA,CNY
40.38,40.87,40.03,40.84,3522800.0,002929.SZ,20251210,润建股份,NA,CNY
40.73,40.87,39.85,39.89,3760600.0,002929.SZ,20251211,润建股份,NA,CNY
39.79,40.29,39.58,39.99,2621800.0,002929.SZ,20251212,润建股份,NA,CNY
39.85,39.87,39.19,39.29,3288500.0,002929.SZ,20251215,润建股份,NA,CNY
39.28,39.28,38.16,38.36,3329800.0,002929.SZ,20251216,润建股份,NA,CNY
38.36,38.91,37.97,38.7,2726700.0,002929.SZ,20251217,润建股份,NA,CNY
38.46,39.0,38.23,38.23,2482200.0,002929.SZ,20251218,润建股份,NA,CNY
38.25,38.79,38.25,38.49,2392000.0,002929.SZ,20251219,润建股份,NA,CNY
38.76,39.24,38.57,39.08,2901000.0,002929.SZ,20251222,润建股份,NA,CNY
39.01,39.09,38.52,38.64,2635500.0,002929.SZ,20251223,润建股份,NA,CNY
38.63,39.19,38.57,39.12,2653800.0,002929.SZ,20251224,润建股份,NA,CNY
39.15,39.74,39.06,39.62,2992700.0,002929.SZ,20251225,润建股份,NA,CNY
39.55,39.9,39.35,39.52,2992800.0,002929.SZ,20251226,润建股份,NA,CNY
39.63,40.23,39.56,39.81,3464500.0,002929.SZ,20251229,润建股份,NA,CNY
39.75,40.0,39.51,39.63,2630000.0,002929.SZ,20251230,润建股份,NA,CNY
39.66,39.99,39.37,39.76,3250000.0,002929.SZ,20251231,润建股份,NA,CNY
40.2,40.81,39.87,40.52,5503300.0,002929.SZ,20260105,润建股份,NA,CNY
40.52,40.93,40.3,40.79,5766700.0,002929.SZ,20260106,润建股份,NA,CNY
40.79,44.87,40.59,44.87,27786700.0,002929.SZ,20260107,润建股份,NA,CNY
45.28,46.68,44.96,45.26,32744700.0,002929.SZ,20260108,润建股份,NA,CNY
46.07,48.46,45.27,47.4,33444600.0,002929.SZ,20260109,润建股份,NA,CNY
47.4,48.56,46.11,48.04,27869900.0,002929.SZ,20260112,润建股份,NA,CNY
48.53,48.63,45.75,46.01,20153200.0,002929.SZ,20260113,润建股份,NA,CNY
46.35,50.0,46.25,48.84,30183000.0,002929.SZ,20260114,润建股份,NA,CNY
49.71,50.0,47.94,48.99,28364200.0,002929.SZ,20260115,润建股份,NA,CNY
47.94,47.94,45.95,46.15,16998400.0,002929.SZ,20260116,润建股份,NA,CNY
45.43,46.0,44.52,45.15,9773200.0,002929.SZ,20260119,润建股份,NA,CNY
45.26,45.65,43.72,44.05,8902600.0,002929.SZ,20260120,润建股份,NA,CNY
43.65,44.94,43.55,44.48,6523300.0,002929.SZ,20260121,润建股份,NA,CNY
44.79,44.91,44.09,44.37,6137200.0,002929.SZ,20260122,润建股份,NA,CNY
45.05,45.33,44.5,44.88,7240900.0,002929.SZ,20260123,润建股份,NA,CNY
45.83,46.9,44.78,45.86,11539100.0,002929.SZ,20260126,润建股份,NA,CNY
45.99,47.5,45.43,47.5,15583100.0,002929.SZ,20260127,润建股份,NA,CNY
47.87,48.19,46.83,47.3,13499300.0,002929.SZ,20260128,润建股份,NA,CNY
46.45,48.12,45.07,46.33,14190000.0,002929.SZ,20260129,润建股份,NA,CNY
45.96,48.29,45.96,46.39,10445200.0,002929.SZ,20260130,润建股份,NA,CNY
46.18,47.64,45.56,46.04,11066800.0,002929.SZ,20260202,润建股份,NA,CNY
46.16,47.26,45.6,47.2,10573300.0,002929.SZ,20260203,润建股份,NA,CNY
46.61,46.72,44.04,44.95,12850600.0,002929.SZ,20260204,润建股份,NA,CNY
44.29,45.27,44.02,44.76,6006000.0,002929.SZ,20260205,润建股份,NA,CNY
44.54,47.72,43.84,46.36,13942600.0,002929.SZ,20260206,润建股份,NA,CNY
47.3,47.92,46.53,47.31,12227000.0,002929.SZ,20260209,润建股份,NA,CNY
47.17,48.9,47.17,48.24,15192800.0,002929.SZ,20260210,润建股份,NA,CNY
48.16,49.44,48.16,48.59,13900800.0,002929.SZ,20260211,润建股份,NA,CNY
49.24,50.8,48.62,50.26,20408700.0,002929.SZ,20260212,润建股份,NA,CNY
49.76,51.83,49.45,49.81,16796300.0,002929.SZ,20260213,润建股份,NA,CNY
50.22,50.74,47.18,47.33,16643600.0,002929.SZ,20260224,润建股份,NA,CNY
47.33,47.75,46.06,46.12,10823300.0,002929.SZ,20260225,润建股份,NA,CNY
46.13,49.15,45.96,48.31,15816600.0,002929.SZ,20260226,润建股份,NA,CNY
47.76,50.4,47.5,49.18,13926500.0,002929.SZ,20260227,润建股份,NA,CNY
47.95,48.43,47.16,47.79,10777900.0,002929.SZ,20260302,润建股份,NA,CNY
48.34,52.58,48.3,49.69,44421700.0,002929.SZ,20260303,润建股份,NA,CNY
48.94,50.94,48.56,50.24,32578800.0,002929.SZ,20260304,润建股份,NA,CNY
50.94,51.44,48.47,49.62,25048900.0,002929.SZ,20260305,润建股份,NA,CNY
49.4,50.82,48.65,50.33,19416300.0,002929.SZ,20260306,润建股份,NA,CNY
48.94,53.16,47.65,53.02,28471800.0,002929.SZ,20260309,润建股份,NA,CNY
53.44,54.04,51.75,52.83,23283000.0,002929.SZ,20260310,润建股份,NA,CNY
51.92,53.09,51.74,51.99,14382600.0,002929.SZ,20260311,润建股份,NA,CNY
52.94,54.49,52.44,54.13,26794800.0,002929.SZ,20260312,润建股份,NA,CNY
52.45,53.14,49.8,50.14,19757500.0,002929.SZ,20260313,润建股份,NA,CNY
49.94,51.14,47.49,50.36,16595800.0,002929.SZ,20260316,润建股份,NA,CNY
49.99,50.92,48.44,48.44,10215800.0,002929.SZ,20260317,润建股份,NA,CNY
48.45,51.94,48.45,51.3,16876900.0,002929.SZ,20260318,润建股份,NA,CNY
50.02,53.79,49.94,51.8,21878900.0,002929.SZ,20260319,润建股份,NA,CNY
51.65,52.71,49.44,49.57,18420200.0,002929.SZ,20260320,润建股份,NA,CNY
48.44,49.24,45.95,46.33,13413700.0,002929.SZ,20260323,润建股份,NA,CNY
47.45,49.12,44.97,48.2,14769700.0,002929.SZ,20260324,润建股份,NA,CNY
48.77,51.72,48.77,50.49,16656500.0,002929.SZ,20260325,润建股份,NA,CNY
50.56,50.84,47.74,47.85,12263300.0,002929.SZ,20260326,润建股份,NA,CNY
47.03,49.21,46.49,48.19,9176800.0,002929.SZ,20260327,润建股份,NA,CNY
47.16,50.9,45.75,50.6,16840600.0,002929.SZ,20260330,润建股份,NA,CNY
50.29,50.42,48.41,48.41,8895700.0,002929.SZ,20260331,润建股份,NA,CNY
49.8,51.16,49.47,49.78,12405100.0,002929.SZ,20260401,润建股份,NA,CNY
50.05,50.24,46.33,46.7,16124900.0,002929.SZ,20260402,润建股份,NA,CNY
47.59,48.47,46.05,47.16,11868900.0,002929.SZ,20260403,润建股份,NA,CNY
47.15,49.43,46.81,47.37,12482900.0,002929.SZ,20260407,润建股份,NA,CNY
48.66,52.1,48.65,52.1,25251200.0,002929.SZ,20260408,润建股份,NA,CNY
53.87,54.97,53.14,53.58,34084000.0,002929.SZ,20260409,润建股份,NA,CNY
53.64,53.84,51.65,51.74,16388400.0,002929.SZ,20260410,润建股份,NA,CNY
51.69,56.91,51.09,56.91,18467700.0,002929.SZ,20260413,润建股份,NA,CNY
58.93,61.8,57.93,59.75,36521900.0,002929.SZ,20260414,润建股份,NA,CNY
58.93,60.43,58.63,59.28,19972500.0,002929.SZ,20260415,润建股份,NA,CNY
58.94,65.21,58.92,65.21,28323100.0,002929.SZ,20260416,润建股份,NA,CNY
64.43,64.57,61.21,61.27,27075600.0,002929.SZ,20260417,润建股份,NA,CNY
60.17,61.43,58.61,59.09,20473100.0,002929.SZ,20260420,润建股份,NA,CNY
59.24,59.53,54.49,55.61,22938300.0,002929.SZ,20260421,润建股份,NA,CNY
55.42,56.93,54.39,56.58,20874000.0,002929.SZ,20260422,润建股份,NA,CNY
56.26,59.91,55.94,57.05,20125200.0,002929.SZ,20260423,润建股份,NA,CNY
57.07,57.4,54.96,56.7,15001600.0,002929.SZ,20260424,润建股份,NA,CNY
56.71,57.76,55.23,55.29,13781400.0,002929.SZ,20260427,润建股份,NA,CNY
55.29,55.84,54.07,54.92,10794900.0,002929.SZ,20260428,润建股份,NA,CNY
54.34,55.94,53.71,54.19,12555300.0,002929.SZ,20260429,润建股份,NA,CNY
56.12,59.61,55.6,59.61,30198000.0,002929.SZ,20260430,润建股份,NA,CNY
64.23,65.36,62.14,64.58,28681700.0,002929.SZ,20260506,润建股份,NA,CNY
69.92,71.04,68.62,71.04,6422500.0,002929.SZ,20260507,润建股份,NA,CNY
78.14,78.14,75.79,78.14,21296300.0,002929.SZ,20260508,润建股份,NA,CNY
78.9,80.18,74.21,77.56,52425800.0,002929.SZ,20260511,润建股份,NA,CNY
77.31,81.41,75.79,79.71,36225800.0,002929.SZ,20260512,润建股份,NA,CNY
79.91,87.68,78.56,87.68,28218000.0,002929.SZ,20260513,润建股份,NA,CNY
96.45,96.45,85.98,86.8,55662400.0,002929.SZ,20260514,润建股份,NA,CNY
88.04,95.48,86.9,92.88,57542800.0,002929.SZ,20260515,润建股份,NA,CNY
97.89,99.78,92.12,95.88,48277000.0,002929.SZ,20260518,润建股份,NA,CNY
92.09,99.97,91.22,97.67,41002300.0,002929.SZ,20260519,润建股份,NA,CNY
95.67,98.55,87.9,87.9,48208100.0,002929.SZ,20260520,润建股份,NA,CNY
87.42,89.11,80.29,80.75,43185400.0,002929.SZ,20260521,润建股份,NA,CNY
82.7,85.1,80.41,84.23,32216500.0,002929.SZ,20260522,润建股份,NA,CNY
87.9,91.58,81.66,89.1,44972300.0,002929.SZ,20260525,润建股份,NA,CNY
89.0,92.64,84.9,84.99,37128200.0,002929.SZ,20260526,润建股份,NA,CNY
84.44,84.86,77.11,77.72,37946100.0,002929.SZ,20260527,润建股份,NA,CNY
78.91,80.41,74.57,76.03,25872000.0,002929.SZ,20260528,润建股份,NA,CNY
77.91,79.35,71.92,73.12,25265200.0,002929.SZ,20260529,润建股份,NA,CNY
71.73,74.61,69.42,70.42,23388400.0,002929.SZ,20260601,润建股份,NA,CNY
70.42,72.14,68.18,69.22,19309900.0,002929.SZ,20260602,润建股份,NA,CNY
68.74,70.4,66.92,68.3,24837000.0,002929.SZ,20260603,润建股份,NA,CNY
67.42,67.92,65.23,67.14,24262500.0,002929.SZ,20260604,润建股份,NA,CNY
66.92,68.92,64.7,66.85,22341800.0,002929.SZ,20260605,润建股份,NA,CNY
63.96,65.84,61.31,62.26,20413800.0,002929.SZ,20260608,润建股份,NA,CNY
63.93,64.43,60.09,61.99,16923600.0,002929.SZ,20260609,润建股份,NA,CNY
62.03,63.23,59.67,60.28,18520300.0,002929.SZ,20260610,润建股份,NA,CNY
59.82,59.92,57.68,58.2,16688500.0,002929.SZ,20260611,润建股份,NA,CNY
59.05,61.12,58.06,58.56,17955700.0,002929.SZ,20260612,润建股份,NA,CNY
60.81,62.1,60.21,61.34,16944600.0,002929.SZ,20260615,润建股份,NA,CNY
62.56,62.6,59.98,61.03,15412100.0,002929.SZ,20260616,润建股份,NA,CNY
60.55,62.92,60.07,61.53,18404500.0,002929.SZ,20260617,润建股份,NA,CNY
62.5,64.13,61.63,62.11,24478900.0,002929.SZ,20260618,润建股份,NA,CNY
62.15,64.88,61.23,63.78,31572400.0,002929.SZ,20260622,润建股份,NA,CNY
62.64,64.9,60.93,61.45,21209400.0,002929.SZ,20260623,润建股份,NA,CNY
61.45,65.65,59.53,65.03,31781900.0,002929.SZ,20260624,润建股份,NA,CNY
65.5,70.92,63.71,69.32,44233500.0,002929.SZ,20260625,润建股份,NA,CNY
67.28,69.5,62.39,62.83,31148300.0,002929.SZ,20260626,润建股份,NA,CNY
62.16,65.16,60.16,60.73,21466000.0,002929.SZ,20260629,润建股份,NA,CNY
61.38,66.8,60.13,66.8,17052400.0,002929.SZ,20260630,润建股份,NA,CNY
68.66,73.49,67.95,73.49,41047600.0,002929.SZ,20260701,润建股份,NA,CNY
71.91,74.14,69.27,69.57,36243700.0,002929.SZ,20260702,润建股份,NA,CNY
69.57,71.92,68.7,68.91,22688500.0,002929.SZ,20260703,润建股份,NA,CNY
68.91,69.91,63.37,63.68,21736500.0,002929.SZ,20260706,润建股份,NA,CNY
64.23,64.3,58.81,59.56,17082200.0,002929.SZ,20260707,润建股份,NA,CNY
59.56,60.69,56.43,58.07,16534900.0,002929.SZ,20260708,润建股份,NA,CNY
59.54,61.13,56.6,58.73,17373500.0,002929.SZ,20260709,润建股份,NA,CNY
58.05,64.61,57.59,61.43,24378600.0,002929.SZ,20260710,润建股份,NA,CNY
61.26,64.21,58.94,59.41,21946400.0,002929.SZ,20260713,润建股份,NA,CNY
59.41,60.65,53.47,56.63,20561400.0,002929.SZ,20260714,润建股份,NA,CNY
57.6,59.43,56.07,56.77,13408000.0,002929.SZ,20260715,润建股份,NA,CNY
55.89,58.53,55.26,55.67,13228600.0,002929.SZ,20260716,润建股份,NA,CNY
55.28,55.67,50.1,50.1,15642000.0,002929.SZ,20260717,润建股份,NA,CNY
51.61,55.04,48.11,50.57,20099300.0,002929.SZ,20260720,润建股份,NA,CNY
50.8,52.55,46.4,52.08,20476200.0,002929.SZ,20260721,润建股份,NA,CNY
53.0,54.59,50.9,51.48,20194500.0,002929.SZ,20260722,润建股份,NA,CNY
51.27,53.69,50.75,51.79,17672100.0,002929.SZ,20260723,润建股份,NA,CNY
50.6,51.55,49.61,49.9,11650800.0,002929.SZ,20260724,润建股份,NA,CNY
49.89,51.38,49.1,51.28,10258200.0,002929.SZ,20260727,润建股份,NA,CNY
50.0,51.13,49.1,49.36,11119600.0,002929.SZ,20260728,润建股份,NA,CNY
49.35,49.85,45.94,47.26,14325500.0,002929.SZ,20260729,润建股份,NA,CNY
46.72,47.72,43.14,43.61,13791600.0,002929.SZ,20260730,润建股份,NA,CNY
46.0,47.97,45.01,47.97,15777500.0,002929.SZ,20260731,润建股份,NA,CNY
49.01,50.43,48.5,49.1,16430800.0,002929.SZ,20260803,润建股份,NA,CNY
50.15,54.01,50.11,54.01,15549400.0,002929.SZ,20260804,润建股份,NA,CNY
55.95,58.22,55.1,57.77,26706300.0,002929.SZ,20260805,润建股份,NA,CNY
57.0,58.75,56.43,57.22,20194500.0,002929.SZ,20260806,润建股份,NA,CNY
57.0,58.33,55.7,57.91,15773400.0,002929.SZ,20260807,润建股份,NA,CNY
57.92,58.3,55.88,56.85,11098100.0,002929.SZ,20260810,润建股份,NA,CNY
56.29,57.07,53.99,55.2,13852600.0,002929.SZ,20260811,润建股份,NA,CNY
57.0,57.85,54.07,54.84,15936500.0,002929.SZ,20260812,润建股份,NA,CNY
56.36,60.1,55.28,55.3,26129300.0,002929.SZ,20260813,润建股份,NA,CNY
55.35,57.36,54.27,57.01,23579100.0,002929.SZ,20260814,润建股份,NA,CNY
57.04,58.56,55.8,58.48,23323600.0,002929.SZ,20260817,润建股份,NA,CNY
57.39,58.33,55.56,57.9,17792700.0,002929.SZ,20260818,润建股份,NA,CNY
56.0,56.17,52.6,52.98,16989800.0,002929.SZ,20260819,润建股份,NA,CNY
54.0,55.98,52.65,55.21,13952500.0,002929.SZ,20260820,润建股份,NA,CNY
